{
    "ncolors": 16,
    "colorTable": [
        0.141176, 
        0.000000, 
        0.847059, 
        0.094118, 
        0.109804, 
        0.968627, 
        0.156863, 
        0.341176, 
        1.000000, 
        0.239216, 
        0.529412, 
        1.000000, 
        0.337255, 
        0.690196, 
        1.000000, 
        0.458824, 
        0.827451, 
        1.000000, 
        0.600000, 
        0.917647, 
        1.000000, 
        0.737255, 
        0.976471, 
        1.000000, 
        0.917647, 
        1.000000, 
        1.000000, 
        1.000000, 
        1.000000, 
        0.917647, 
        1.000000, 
        0.945098, 
        0.737255, 
        1.000000, 
        0.839216, 
        0.600000, 
        1.000000, 
        0.674510, 
        0.458824, 
        1.000000, 
        0.470588, 
        0.337255, 
        1.000000, 
        0.239216, 
        0.239216, 
        0.968627, 
        0.152941, 
        0.207843, 
        0.847059, 
        0.082353, 
        0.184314, 
        0.647059, 
        0.000000, 
        0.129412
    ]
}