{
    "ncolors": 16,
    "colorTable": [
        1.000000, 
        1.000000, 
        1.000000, 
        1.000000, 
        0.882353, 
        0.882353, 
        1.000000, 
        0.823529, 
        0.823529, 
        1.000000, 
        0.647059, 
        0.647059, 
        1.000000, 
        0.470588, 
        0.470588, 
        1.000000, 
        0.294118, 
        0.294118, 
        1.000000, 
        0.000000, 
        0.000000, 
        1.000000, 
        0.392157, 
        0.000000, 
        1.000000, 
        0.588235, 
        0.000000, 
        1.000000, 
        0.784314, 
        0.000000, 
        1.000000, 
        1.000000, 
        0.000000, 
        0.549020, 
        1.000000, 
        0.000000, 
        0.000000, 
        1.000000, 
        0.000000, 
        0.000000, 
        0.803922,
        0.372549, 
        0.000000, 
        0.568627, 
        0.784314, 
        0.000000, 
        0.000000, 
        1.000000
    ]
}