{
    "ncolors": 16,
    "colorTable": [
        0.627451, 
        0.000000, 
        0.784314, 
        0.509804, 
        0.000000, 
        0.862745, 
        0.117647, 
        0.235294, 
        1.000000, 
        0.000000, 
        0.627451, 
        1.000000, 
        0.000000, 
        0.784314, 
        0.784314, 
        0.000000, 
        0.823529, 
        0.549020, 
        0.000000, 
        0.862745, 
        0.000000, 
        0.627451, 
        0.901961, 
        0.196078, 
        0.901961, 
        0.862745, 
        0.196078, 
        0.901961, 
        0.686275, 
        0.176471, 
        0.941176,
        0.509804, 
        0.156863, 
        0.980392, 
        0.235294, 
        0.235294, 
        0.941176, 
        0.000000, 
        0.509804
    ]
}