{
    "ncolors": 16,
    "colorTable": [
        1.000000,
        1.000000,
        1.000000,
        0.937255,
        0.956863,
        0.819608,
        0.909804,
        0.956863,
        0.619608,
        0.666667,
        0.807843,
        0.388235,
        0.886275,
        0.929412,
        0.086275,
        1.000000,
        0.929412,
        0.000000,
        1.000000,
        0.929412,
        0.509804,
        0.956863,
        0.819608,
        0.498039,
        0.929412,
        0.647059,
        0.286275,
        0.898039,
        0.549020,
        0.239216,
        0.858824,
        0.486275,
        0.239216,
        0.937255,
        0.027451,
        0.239216,
        0.909804,
        0.337255,
        0.639216,
        0.607843,
        0.439216,
        0.658824,
        0.388235,
        0.439216,
        0.968627,
        0.498039,
        0.588235,
        1.000000,
        0.556863,
        0.698039,
        1.000000,
        0.709804,
        0.788235,
        1.000000
    ]
}