{
    "ncolors": 16,
    "colorTable": [
        1.000000, 
        1.000000, 
        1.000000, 
        0.839216, 
        0.886275, 
        1.000000, 
        0.709804, 
        0.788235, 
        1.000000, 
        0.556863, 
        0.698039, 
        1.000000, 
        0.498039, 
        0.588235, 
        1.000000, 
        0.388235, 
        0.439216, 
        0.968627, 
        0.000000, 
        0.388235, 
        1.000000, 
        0.000000, 
        0.588235, 
        0.588235, 
        0.000000, 
        0.776471, 
        0.200000, 
        0.388235, 
        1.000000, 
        0.000000, 
        0.588235, 
        1.000000, 
        0.000000, 
        0.776471, 
        1.000000, 
        0.200000, 
        1.000000, 
        1.000000, 
        0.000000, 
        1.000000, 
        0.776471, 
        0.000000, 
        1.000000, 
        0.627451, 
        0.000000, 
        1.000000, 
        0.486275, 
        0.000000, 
        1.000000, 
        0.098039, 
        0.000000
    ]
}